LCS,match,total_match
นิโรธเลขาวิป,105,1895
วิปนิโรธเลขา,87,1895
สุรทินพิจารณ์พรรคประชาธิปไตยใหม่,54,1895
วนาลท์กรุ๊ป,36,1895
COPกลาสว์,28,1895
ธิเบศรอดุลยเดชบพิตร,27,1895
อาคมพิทยาไพสิฐ,25,1895
ประกันภัยPrimeMinisterInsurance,22,1895
อนุสัญญาสหประชาชาติCOP,20,1895
วางตัววิปนิโรธเลขา,19,1895
ชวุทย์ทรัพยากรธรณีสถานที่เกิดเหตุหลุม,16,1895
"7,9827,762144",16,1895
วันหยุดราชการปีใหม่สงกรานต์,15,1895
พิเชษฐ์พานกระทู้ถาม,14,1895
อาคมพิทยาไพสิฐประกันภัย,11,1895
วิปนิโรธเลขาวิป,11,1895
ประกันภัยPrimeMinisterInsuranceประกันภัยคปภ.,10,1895
"มัธยมสมัครใจ34,2873,17327,039เปลี่ยนใจ14,49396",9,1895
อนุสัญญาสหประชาชาติCOPกลาสว์,9,1895
"ตีราคาเช็ด2,400กีตาร์35,000ลงหุ้นอันนั้นงั้น",9,1895
สนั่นไซเรนวีไอพีย้อนศรรถติด,9,1895
SETตลาดหลักทรัพย์วารสาร,9,1895
เจ้าของที่ดินถมถม,9,1895
วันเวย์ทางเดียว06.30ป้ายจราจร,8,1895
สุรทินพิจารณ์พรรคประชาธิปไตยใหม่พรรคประชาธิปไตยใหม่,8,1895
AISaisvaccineTRUEUSSD707vaccinetrueid,8,1895
"64,55416.36รักษาระดับ1,174,15729.11394,7034,032,948สำนักงานประกันสังคม",7,1895
วันหยุดราชการกรณีพิเศษประจำสัปดาห์,7,1895
สวรรคตธิเบศรอดุลยเดช,7,1895
บางท่านค่าตัวต่อตามน่าสงสารมีใจเป็นบุญตามกำลังน้ำใจ,7,1895
วิบูลย์แอมททบลู,7,1895
วันหยุดราชการวันหยุดราชการกรณีพิเศษ,7,1895
วันหยุดราชการวันหยุดราชการกรณีพิเศษประจำสัปดาห์,6,1895
ขจรชวทัยสมุทรสงคราม,6,1895
เหรียญทองเหรียญเงินเหรียญทองแดง,6,1895
หมูป่าผัดเผ็ดพิษงูเขียวหางไหม้,6,1895
พรรคประชาธิปไตยใหม่สามัญหอประชุมคูคตการเตรียมพร้อมการสู้,6,1895
นิโรธเลขาวิปวิป,6,1895
ตีข่าววุ้นเส้นฒิเวิร์กกิ้งวูซุปตาร์,6,1895
ตรวจราชการสำนักงานปลัดกระทรวงปาณีนาคะนาทตรวจราชการสำนักงานปลัดกระทรวงสมุทรสงคราม,6,1895
วันพระสมภพธิเบศรอดุลยเดชบพิตรวันรัฐธรรมนูญ,6,1895
วันวิสาขบูชาวันวิสาขบูชาวันเฉลิมพระชนมพรรษาสมเด็จพระนางเจ้าราชินีวันอาสาฬหบูชาวันเข้าพรรษาวันเฉลิมพระชนมพรรษา,6,1895
109SandboxSafetyZoneSchoolกายภาพDMHT-RCSSET-CQ,6,1895
CREDITPHOTO],5,1895
สมุทรสงครามตรวจราชการสำนักงานปลัดกระทรวงมัยตรวจราชการสำนักงานปลัดกระทรวงร้อยตรีโสทร,5,1895
ตำรวจจราจรขบวนรถเบนซ์,5,1895
วันหยุดราชการวันหยุดราชการกรณีพิเศษประจำสัปดาห์วันหยุดราชการ,5,1895
ศาลฎีกาคดีอาญาผู้ดำรงตำแหน่งทางการเมือง,5,1895
ศิริราชศิริราชบูสศิริราชเน็คSirirajConnectศิริราช,5,1895
YoudiditpekcIamso,5,1895
วันเฉลิมพระชนมพรรษาสมเด็จพระนางเจ้าราชินีวันอาสาฬหบูชาวันเข้าพรรษาวันเฉลิมพระชนมพรรษารามาธิบดีหาว,5,1895
เฉวตสรรวาท,5,1895
คดีอาญาผู้ดำรงตำแหน่งทางการเมืองประทับฟ้องวิรัชฟุตซอลวางตัววิปนิโรธ,5,1895
ปฏิภาณวาทีพิพิธสุทัศนเทพวราราม,5,1895
SustainabilityInvestmentTHSI,5,1895
ปฎิสุรทินเนื่องจากว่า,5,1895
สหประชาชาติCOPกลาสว์,5,1895
ดิเรกจุดยืน112ในนามของพรรคร่วมรัฐบาล112ยึดหลักพระมหากษัตริย์,5,1895
สมัชชาอนุสัญญาสหประชาชาติCOP,5,1895
aisvaccineTRUEUSSD707vaccinetrueidnet,5,1895
ยูเทิร์นกลับรถ?เนิ่ย,5,1895
เต้โบนัสอินเตอร์ตามเงื่อนไข,5,1895
ทรัพยากรธรณีสถานที่เกิดเหตุหลุม,5,1895
วันเฉลิมพระชนมพรรษาชนนีพันปีวันแม่สวรรคตธิเบศรอดุลยเดชบพิตร,5,1895
ทศพลตรวจราชการสำนักงานปลัดกระทรวงตรวจราชการสำนักงานปลัดกระทรวงตรวจราชการสำนักงานปลัดกระทรวงนรินทร์,4,1895
ทำซ้ำแสดงอาการไข้ปวดหัวคัดจมูกผู้ใดขออภัย,4,1895
รถติดตำรวจจราจรมักกะสันตัดถนนอุทัย06.30เดินรถทางเดียว,4,1895
เดินรถทางเดียวปากซอยอุทัย,4,1895
ไอดอลกรุ๊ปWisdomบัณฑูรประยุกต์เนตรWisdom,4,1895
06.30เดินรถทางเดียวอุทัยตัดถนนอุทัยตำรวจจราจร,4,1895
workfromhome,4,1895
สภาพคล่องความแข็งแรงดำเนินกิจการ,4,1895
KickoffCCRT,4,1895
ChulaCovใบยาดิเรก,4,1895
ตำรวจจราจรมักกะสันตำรวจจราจร,4,1895
ศิริราชบูส14.30หอประชุมราชแพทยาลัยอเนกประสงค์คณะพยาบาลศาสตร์มหิดล,4,1895
กาวลวนลามรถสองแถว,4,1895
ประจำสัปดาห์วันหยุดราชการตามที่เห็นสมควรวันหยุดราชการขึ้นปีใหม่ขึ้นปีใหม่วันมาฆบูชาวันพระ,4,1895
เบนซ์วนาลท์กรุ๊ป,4,1895
มึนแกล้งมึนมึนจดจำมึนรักแท้สู้ทน,4,1895
เดินรถทางเดียวเดินรถ,4,1895
ฒาประดิษฐ์ตรวจตรามิวสิคเฟสติวัลสถานบริการบีช,4,1895
ขึ้นปีใหม่วันมาฆบูชาวันพระพระพุทธจุฬาจักรีราชวงศ์วันสงกรานต์,4,1895
ศุลีวันหยุดราชการวันหยุดราชการกรณีพิเศษประจำสัปดาห์วันหยุดราชการ,4,1895
คิดในใจนักมวยต่อยต่อยเบลอวงจรเสียงสั่นบ้านเช่า,4,1895
พิเชษฐ์พานกระทู้ถามตกต่ำ,4,1895
108ยวมจ๋าโป่งกัดเซาะ,4,1895
พวกผมงั้นหูช้างด่างtoyotavellfireคับรับพิจารณา,3,1895
พรรคร่วมรัฐบาลวิปนิโรธ,3,1895
พนิตวิกิเศรษฐ์,3,1895
พิงแพ่งกาวิละหอประชุมสวนสุขภาพการเข้าสู่,3,1895
การเตรียมพร้อมการสู้พรรคประชาธิปไตยใหม่การควบสวัสดิการสังคม,3,1895
"8,0291,799,06697,470",3,1895
ศึกษาธิการจังหวัดศึกษาธิการจังหวัด747ศึกษาธิการจังหวัดยีเชผู้ประสานงาน747,3,1895
"เห็นควรดำเนินกิจการเวสน์ศูนย์เยาวชนเปิดกิจการการรายงานผลเทศกิจ1,493",3,1895
หมูป่าผัดเผ็ดพิษงู,3,1895
เจ้าของที่ดินถมสร้างกำแพง,3,1895
SCBสภาพคล่องผู้ขายPayZaveQRpaymentสต๊อกในเครือ,3,1895
กรอบวงเงินลงทุนท่าอากาศยานสุวรรณภูมิ,3,1895
โย่งอาร์มก้อย,3,1895
ก้อยSaturdaySeiko,3,1895
แควอ้อมอัมพวาสมุทรสงคราม,3,1895
"Baiyaใบยา1,30910,000เป้าหมายหลักผ่านการทดสอบน่าเชื่อถือตาม",3,1895
ปฏิทินวันสำคัญลอยกระทง,3,1895
ถุงมือมือสองดดี้รูมพิพากษาลงอาญาฮ่องกงกระบวนการยุติธรรม,3,1895
พิพากษาลงอาญาฮ่องกงกระบวนการยุติธรรมสกาย,3,1895
ยวมกองร้อยยวม,3,1895
อัญเชิญเกี้ยวจุฬาฯ,3,1895
มุขChiefVentureInvestmentOfficerเท็นSCBX,3,1895
โปโลน้ำFINAWaterPoloChallengersCupโคลอมเบีย,3,1895
เบนซ์น.พ.วนา,3,1895
ขายทอดตลาดเพชรเกษมศาลแพ่งหมายบังคับคดีเจ้าพนักงานบังคับคดียึดทรัพย์อำไพอัมพุ,3,1895
เป๊กเศรณีรับใช้ชาติ,3,1895
ยื่นคำร้องเพิกถอนคำสั่งปล่อยชั่วคราว,3,1895
ควงคู่ชีวิตทุกซอกทุกมุมอุ่นใจหมดเปลือกเบลอการชกมวยความจน,3,1895
สมุดบัญชีมอบอำนาจแนบหนังสือมอบอำนาจบัตรประจำตัวประชาชนผู้รับมอบอำนาจวันทำการ1506,3,1895
ลาสิกขาความสัตย์ทวงถามเกี่ยวกับว่า,3,1895
เคี้ยวกลืนปาวๆSHAกั๊กหยุมหยิมก็ดีSHA,3,1895
SHAกั๊กหยุมหยิมก็ดีSHAซับซ้อนยุ่งยากหน่วยงานรัฐ,3,1895
เจ็บตัวพอให้ประคองเอาตัวรอดรอจังหวะหน้าม้าสับยุบสภา,3,1895
วิปนิโรธเลขาวิปวิป,3,1895
อินทรพลเรือเอกขานทหารเรือพลอากาศเอกบูลทหารอากาศสมาชิกวุฒิสภา,3,1895
วันหยุดราชการกรณีพิเศษประจำสัปดาห์วันหยุดราชการตามที่เห็นสมควรวันหยุดราชการขึ้นปีใหม่ขึ้นปีใหม่,3,1895
วีไอพีปัดวันเวย์,3,1895
IPOเสนอขายIPO,3,1895
"รักษาระดับสภาพคล่องความแข็งแรงดำเนินกิจการเงินอุดหนุนผู้ประกันตน4,032,94836,296,532,000",3,1895
“อด้า”ชิลี,3,1895
ตำรวจจราจรวีไอพีหลบหลบ08.20เลียบมักกะสัน06.30,3,1895
หลบ08.20เลียบมักกะสัน06.30เดินรถทางเดียวอุทัย,3,1895
"รักษาระดับเอสเอ็มอีdoe64,55416.36รักษาระดับ1,174,15729.11",3,1895
สต็อกดีดตัวความชื้นปรับราคาความชื้นโรงสีเงินชดเชยหอมมะลิ,3,1895
ภัสร์การพาจตช.นายกองค์การบริหารส่วนตำบลดูแลรักษากระทบกระทั่งประทุษร้ายกระทำผิดกฎหมาย,3,1895
เสนอขายIPOตลาดหลักทรัพย์,3,1895
ถือโทษพวกคุณสุดแล้วแต่เสแสร้งแกล้งทำ,3,1895
OutstandingInvestorRelations,3,1895
ผลสำเร็จเห็นผลผลสำเร็จ,3,1895
วางตัววิปวิรัช,3,1895
จุดยืนประมวลกฎหมายอาญา112,3,1895
ระบอบประชาธิปไตยพระมหากษัตริย์ประมุข,3,1895
สังเวียนษี.จ,3,1895
EnvironmentalSocialGovernance,3,1895
อาหารสัตว์ข้าวโพดเลี้ยงสัตว์,3,1895
จิกหมอนพิงนุ่นอำพนก๊อซีนเคลิ้ม,2,1895
แรงเสียดทานศุลีอดทนผลสำเร็จผลสำเร็จเห็นผลผลสำเร็จ,2,1895
โบกมือตัวเลือกบ๊ายบายลาก่อน,2,1895
113รายงานตัวอิทธิสำนักงานคดีอาญาสำนักงานอัยการสูงสุดบุคคลภายนอกวุฒิการศึกษามัธยมศึกษา,2,1895
พระที่นั่งอัมพรพระราชวังดุสิตวโรกาส,2,1895
CREDITPHOTO]],2,1895
ลูกเธอเจ้าฟ้าพัชรนทิเทพยวดีกรมหลวงณี,2,1895
"ทอท.กรอบวงเงินลงทุนท่าอากาศยานสุวรรณภูมิ6,254.941เงินชดเชย",2,1895
อำไพพุโฉนดไสวไสวกรมบังคับคดีลักไก่ประมูล,2,1895
ศุลีวันหยุดราชการวันหยุดราชการกรณีพิเศษประจำสัปดาห์วันหยุดราชการตามที่เห็นสมควรวันหยุดราชการ,2,1895
อาหารสัตว์กิโลหว่านงอก,2,1895
"(อว.)พระราชกำหนดกู้เงินChulaCov2,316อุบัติประเมินผลBaiya",2,1895
ที่แท้ใจเด็ดโวยหลบวันเวย์,2,1895
การผ่อนปรนเปิดกิจการสถานบริการเห็นควรดำเนินกิจการเวสน์ศูนย์เยาวชนเปิดกิจการ,2,1895
องค์ประชุมกึ่งหนึ่ง238,2,1895
112ในนามของพรรคร่วมรัฐบาล112ยึดหลักพระมหากษัตริย์กระทู้หลีก,2,1895
112ในนามของพรรคร่วมรัฐบาล112ยึดหลักพระมหากษัตริย์,2,1895
พรรคประชาธิปไตยใหม่สามัญหอประชุมคูคต,2,1895
เพลสETDAแฝงตัวจูงใจหลอกล่อเสียเงิน,2,1895
รุ้งนิธิบัณฑูรประยุกต์ไอดอลกรุ๊ปWisdom,2,1895
อาตมาพิทักษ์ทรัพย์ขายทอดตลาดญาติโยมทางแก้ไขพิทักษ์ทรัพย์ขายทอดตลาดโยม,2,1895
"เงินลงทุน28,050ศุลีท่าอากาศยานสุวรรณภูมิ2549EnvironmentalImpact",2,1895
วิรัชคดีอาญาผู้ดำรงตำแหน่งทางการเมืองประทับฟ้อง,2,1895
ชิลีวตี้สแตนดาร์ดด้าวตี้สแตนดาร์ด,2,1895
ส่งกลิ่นเหม็นทำกับข้าวแป๊บแทบจะเป็นลมสารเคมีสูดดม,2,1895
เเชร์ความเข้าใจผิดตั๊กใส่ร้ายเต่อตั๊กนิ่งเฉยใส่ร้าย,2,1895
ปองร้ายตั๊กตั๊ก,2,1895
ตั๊กนิ่งเฉยใส่ร้าย,2,1895
เบนซ์วันเวย์ทางเดียว06.30ป้ายจราจรการจราจรติดขัด,2,1895
หรอนายหน้าผลสรุปแวกงั้นยื้อเรื่อยขอร้อง,2,1895
มั๊ยคนป่วยไทรอยด์เป็นพิษใจโตตีบคนป่วยซัพพอร์ต,2,1895
ใส่ไข่มดดำกรรรถเมล์คะนึงนิจ,2,1895
ศุลีวันหยุดราชการกรณีพิเศษ,2,1895
พวกผมงั้นหูช้างด่าง,2,1895
ลูกเธอเจ้าฟ้าวัณณวนารีกัญญา,2,1895
พระบรมราชโองการโปรดเกล้าโปรดกระหม่อมสมาชิกวุฒิสภาอินทรพลเรือเอกขานทหารเรือพลอากาศเอก,2,1895
MOUเพลส-ETDAอ๋องสมหวังโกงชื้อMOU,2,1895
ลาสิกขาความสัตย์ทวงถามเกี่ยวกับว่าความกล้าหาญหนังจีนศึกสงครามต่อรอง,2,1895
ไอดอลกรุ๊ปWisdom,2,1895
คนเมาสารเสพติดกาวลวนลามรถโดยสาร,2,1895
กฐินพย.พย.ตอนเย็นพย.นำสืบฟักตัวเดลต้า,2,1895
มาดริดโชต้าเน่,2,1895
กระทู้หลีกกรณีพิเศษกระทู้,2,1895
วิปนิโรธเลขาวิรัช,2,1895
ธนาคารกลางเฟดQE,2,1895
รถแวนษข6095บ้านไร่ขามสะเดา,2,1895
ศุลีตรวจราชการสำนักงานปลัดกระทรวงปาณีนาคะนาทตรวจราชการสำนักงานปลัดกระทรวง,2,1895
ลอยกระทงนอกบ้านกระทงแหล่งน้ำกระทงขนมปังกระทงกรวย,2,1895
ใช้การลอยกระทงความแออัดทุก ๆลอยกระทงกระทงลำคลองกระทง,2,1895
วันหยุดราชการกรณีพิเศษประจำสัปดาห์วันหยุดราชการ,2,1895
พืชผลผักชีผักชีพืชผักสวนครัวประกอบอาหารพืชผักในไม่ช้าพืชผักสวนครัว,2,1895
กลาสว์สกอตแลนด์,2,1895
ตเลมาดริดโชต้า,2,1895
เฟดอัตราดอกเบี้ย0.25QEQE,2,1895
ยูฟ่าแชมเปี้ยนส์แบ่งกลุ่ม,2,1895
ปส.ยาบ้ารวยเม็ด,2,1895
ปลอมตัวกรวบอนาจารขู่กรรโชก,2,1895
นิธิบัณฑูรประยุกต์,2,1895
ESGEnvironmentalSocialGovernance,2,1895
วัยเรียนเรียนหนังสือเวลาว่างวัลลงานบริหารดีเยี่ยมวัลลการฝ่าฟัน,2,1895
ยวมยวมไหลบ่ายวมกองร้อยยวมสิ่งของเครื่องใช้พืชผล,2,1895
ระบอบพระมหากษัตริย์ประมุข,2,1895
ประมุขกฎหมายอาญา112,2,1895
การประปานครหลวงกปน.,2,1895
"ประชาคมศิษย์เก่า4,00078.60การแสดงออกความเป็นธรรมศาสตร์ประชาคม",2,1895
"ยาบ้า586,800เม็ดไอซ์",2,1895
คลังแสงมหาสารคามวิป,2,1895
กระทู้ถามกระทู้ถามกระทู้กลเมาะพรรคประชาชาติเอกสารสิทธิกระทู้,2,1895
AWCวัลลนักวิเคราะห์บริษัทหลักทรัพย์เมอร์ริลนช์ฮ่องกงบริหารธุรกิจ,2,1895
"97,4702,181466",2,1895
โย่งก้อยคล้องอบเชยสายใยเหนียวแน่นผูกพันโย่ง,2,1895
โย่งอาร์มก้อยวลัยก้อยSaturdaySeikoดั่ง,2,1895
CovaxinไบโอเทคBharatBiotech,2,1895
พระเจ้าตากสินกรุงศรีอยุธยาทางผ่าน,2,1895
มดดำกรรรถเมล์คะนึงนิจ,2,1895
ตลาดนัดตลาดนัดคบเป็นบ้าคบคบแอ็คเก็บอาการ,2,1895
"เป็นเงากระโดนขวัญใจน""มึนแกล้งมึนมึน",2,1895
ชีวนิรภัยศรีวิชัยศรีวิชัยแจ่งเม็งรายวัณโรคเซ็นเตอร์,2,1895
การคำนวณบัตรเลือกตั้งคะแนนเฉลี่ยเสมอไปพรรคประชาธิปไตยใหม่สามัญหอประชุมคูคต,2,1895
หลีกกรณีพิเศษกระทู้,2,1895
ด.ญ.มิ้น(กศน.เม่นด.ญ.มิ้น(ทะเลาะวิวาทหึงหวง,2,1895
ธนาคารเพื่อการส่งออกและนำเข้าแห่งประเทศไทยEXIMBANK,2,1895
EXIMBANKEXIM,2,1895
ประกันภัยคปภ.ประกันภัย,2,1895
ฟอกเงินปปง.ฟอกเงิน,2,1895
ทัพเรือศูนย์อำนวยการรักษาผลประโยชน์,2,1895
เรือประมงรุกล้ำน่านน้ำลอยลำการประมงร่องน้ำ22.7ไมล์ทะเล,2,1895
เรือประมงCM91526TSเรือหลวงกันตังตามหลักการเรือประมง,2,1895
วิรัชศาลฎีกาคดีอาญาผู้ดำรงตำแหน่งทางการเมือง,2,1895
EnvironmentalSocialGovernanceESG,2,1895
ขายปลีกขายส่งอาคารสำนักงานนักธุรกิจหญิงผู้ทรงอิทธิพลAsiaPowerBusinesswoman,2,1895
วัลลรัสเจ้าสัวรณาอาณาจักรAWCเต็มตัวตลาดหลักทรัพย์,2,1895
ผู้ใดดูหมิ่นอาฆาตมาดร้าย,2,1895
ปฏิทินวันหยุดราชการปฏิทิน,2,1895
ส.ก.ส.ข.แปรน่าเสียดายประชาธิปัตย์รุ่นเก่าประชาธิปัตย์คนนอก,2,1895
เล่าเรื่องบางท่านค่าตัวต่อตามน่าสงสารมีใจเป็นบุญตามกำลัง,2,1895
ลักษณะเฉพาะแค่นั้นคลังสินค้าความยืดหยุ่นออเดอร์ความผันผวนคลังสินค้าคนสำคัญ,2,1895
พยุงข้าวเหนียวความชื้นข้าวจ้าวไซโลค่าเฉลี่ยข้าวเปลือกหอมมะลิ,2,1895
ธิติสรรค์อุทโจ้,2,1895
โบว์แวนด้า,2,1895
เบี่ยงหลบหลบ,2,1895
ผู้สังเกตการณ์นับคะแนนสังเกตการณ์,2,1895
ถุงมือออเดอร์ผู้ส่งออกถุงมือประกอบการผู้ส่งออกถุงมือถุงมือ,2,1895
สาระล่ำซำ,2,1895
วิปเป็นมาใครก็ตามเกี่ยงส่วนสำคัญประชาธิปัตย์,2,1895
หลุมชวุทย์ทรัพยากรธรณีสถานที่เกิดเหตุหลุม,2,1895
มีความยินดีผู้ลงทุนMyCloudFulfillmentสตาร์ทอัพคลังสินค้าSeriesSeries,2,1895
ส่งสินค้าเมิร์ซเมิร์ซOmnichannelเมิร์ซเมิร์ซSeriesโซลูชัน,2,1895
"ทองรูปพรรณ27,439.6028,550",2,1895
ตรวจราชการตรวจราชการสำนักงานปลัดกระทรวงปาณีนาคะนาทตรวจราชการสำนักงานปลัดกระทรวง,2,1895
ลูกไฟขันตีจับภาพดวงไฟทิศเหนือทิศตะวันออกเปิดกล้องจับภาพ,2,1895
คลังสินค้าMarketplaceWebsiteCMSLivecommerceAPIฟีเจอร์,2,1895
กระทู้ถามตกต่ำกระทู้,2,1895
ซองซองซอง,2,1895
พรรคร่วมรัฐบาลวิปนิโรธเลขา,2,1895
"1,914,5618,0291,799,06697,470",2,1895
วิปนิโรธนิโรธ,2,1895
"7,9827,7621441,914,561",2,1895
พิเชษฐ์หว่านข้าวกลาง,2,1895
นิโรธนิโรธล่มนิโรธ,2,1895
"7,9827,838144",2,1895
อุปสมบทเทวฆา,2,1895
ผู้แทนพระองค์อาคันตุกะผู้นำทางพระราชาคณะ,2,1895
อดิเรกเพิ่มพูนทุเรียน,2,1895
วิปการประสานงานองค์ประชุมวิป,2,1895
ความเห็นใจพิเชษฐ์พิเชษฐ์,2,1895
เทวฆาพระอารามหลวง,2,1895
กระทู้ถามตกต่ำข้าวเปลือกประกอบการชาวนาพิเชษฐ์ข้าวเปลือกโปรย,2,1895
รังนกรังนกถ้ำ,2,1895
วิปวิปวิป,2,1895
ไต่สวนไต่สวนไต่สวนพิจารณาคดีโต้เถียงพิจารณาคดีเกี่ยวเนื่องคาดคะเน,2,1895
112หมุดสนามหลวงจำเลยปล่อยชั่วคราวไต่สวนไต่สวน11.20,2,1895
คิกบ็อกเต็มกำลังเหรียญทองคิกบ็อกวิทยาศาสตร์การกีฬากายภาพ,2,1895
ฉลุยรอบคอบญัตติขอเปิดอภิปรายทั่วไป152ซื่อสัตย์สุจริตอำนาจหน้าที่การออกไปท้องถนน,2,1895
เจ้าภาพอัดฉีดมหกรรมเหรียญรางวัลเอเชี่ยนเกมส์เหรียญทองเหรียญเงิน,2,1895
กรมการแพทย์ราชวิถีเลิดบำราศนราดูร,2,1895
ลาดเอียงถมการถมถมผิวถนน,2,1895
คดีอาญายื่นคำร้องเพิกถอนคำสั่งปล่อยชั่วคราวอานปนัสรุ้ง,2,1895
เซียลตำรวจจราจรวีไอพี,2,1895
การประสานงานผู้ขายมาร์เก็ตเพลสทำสัญญาดิสตรวจจับ,2,1895
ข้าวเปลือกข้าวเปลือกเหนียว,2,1895
พิสดารหมูป่าผัดเผ็ดพิษงูเขียวหางไหม้,2,1895
โรคผิวหนังประหลาดจนปัญญาระเหย,2,1895
ดูหมิ่นอาฆาตมาดร้ายพระมหากษัตริย์พระราชินีรัชทายาทผู้สำเร็จราชการแทนพระองค์,2,1895
ลูกชิ้นส่วนผสมกัญชาน้ำจิ้มกัญชากัญชา,1,1895
อันนั้นอ๋อคาบเกี่ยวกันแป๊บเดียวโหนะเนี่ยช็อตเซลฟี่,1,1895
เบลลิ่งแฮม,1,1895
เฟย์ปวีณเฟย์,1,1895
บอยปกรณ์บริรักษ์,1,1895
เจ้าของที่ดินลาดเอียงถมการถมถมผิวถนนการถมสร้างกำแพง,1,1895
ค่าขนส่งปรับราคาผักชี,1,1895
วันหยุดราชการกรณีพิเศษประจำสัปดาห์ธุรกิจท่องเที่ยว,1,1895
ลฟ์เซอร์วิสชำระหนี้,1,1895
กัญชากัญชากัญชาส่วนประกอบกัญชากัญชา,1,1895
วงเล็บไม่เป็นไรเลยตามเลยชื่อเล่นแนะนำตัวป้ายหาเสียงโล่งใจไม่เป็นไร,1,1895
....อบเชยโย่งก้อย......ตั้งชื่ออบเชยงวง,1,1895
อบเชยตลอดมาตั้งชื่ออบเชยฝากตัวโอ้เอยอบเชย,1,1895
กมลเมาะพรรคประชาชาติกระทู้ถาม,1,1895
ปราการvดมกาวลวนลามรถสองแถวกาวลวนลาม,1,1895
ฒาประดิษฐ์ตรวจตรามิวสิคเฟสติวัลสถานบริการบีชปล่อยปละละเลย,1,1895
เฌอปรางพีเรียดบุษบาพิเชษฐ์หว่านข้าวกลาง,1,1895
เก็บตัวซูซูกิเต้โบนัสอินเตอร์ตามเงื่อนไข,1,1895
กระทู้ถามพิเชษฐ์พานกระทู้ถามตกต่ำข้าวเปลือกประกอบการชาวนา,1,1895
เข้าเรื่องโบว์เนี่ยเทปเอาคืนรึเปล่าๆๆรู้เท่า,1,1895
"จุ๊บจิ๊บ""สุรทินพิจารณ์พรรคประชาธิปไตยใหม่พรรคประชาธิปไตยใหม่",1,1895
35.58ปวดศีรษะ31.29คลื่นไส้23.3122.09อาเจียน22.09,1,1895
สระน้ำเป็นสาวทอมกระเบนสระน้ำโดดสระน้ำนันทิ,1,1895
บาดาลว่าจ้างเจ้าของที่ดินขุดเจาะบาดาล,1,1895
รวมกำลังเสบียงยกทัพ,1,1895
รปภ.อ่อนแรงชัก,1,1895
สนั่นไซเรนวีไอพีย้อนศรรถติดกลับรถคร่อมนายช่าง,1,1895
กอบกู้อิสรภาพวันหยุดราชการ,1,1895
เจ้าของที่ดินการถมสร้างกำแพง,1,1895
ฮีม์ลิ่งเบรียลเชซุส,1,1895
กระท่อมกระท่อมกระท่อม,1,1895
แฮร์รี่แม็คไก,1,1895
2030มีหัวนิวเคลียร์,1,1895
ตกปลาตกปลาพุ่งตัวโดดสระน้ำความลึกนันทิงม,1,1895
ฟิลด์ตเลมาดริดโชต้าเน่ถ้วยีบบ1982,1,1895
ลิ่มเลือดอุดตันหลอดเลือด109เต้านมน้ำดีคอหอยช่องปาก,1,1895
สร้างกำแพงการถมถม,1,1895
เบี้ยเลี้ยงส่วนแบ่งนำจับเบี้ยเลี้ยง,1,1895
พักแรมสมเด็จพระเจ้าตากสินมหาราชรวมกำลังเสบียง,1,1895
homeisolationhomeisolationมีเรือนแล็ปมองผ่านมุ้งลวด,1,1895
นำสืบฟักตัวเดลต้าบังเอิญPCRทำซ้ำแสดงอาการไข้,1,1895
น.พ.วนาลท์กรุ๊ปเบนซ์วันเวย์ทางเดียว06.30,1,1895
อัจฉริยะเฟกนิวส์,1,1895
เบรคขอบทางกระเด็นข้างล่างเหวขึ้นเขาลงห้วยคับรถพยาบาล,1,1895
ก้านคอกระทืบกาวลวนลามรถสองแถว,1,1895
00066912จุ๊บจิ๊บ,1,1895
ได้กลิ่นเหม็นเน่าผงะตัวเงินตัวทองรุมทึ้ง,1,1895
กระทู้ถามกระทู้ถามกระทู้ถามกระทู้กลเมาะพรรคประชาชาติเอกสารสิทธิ,1,1895
1.1.1สมเด็จพระนางเจ้าฯ พระบรมราชินีนาถสมเด็จพระบรมโอรสาธิราชฯมกุฎราชกุมารสมเด็จพระเทพรัตนราชสุดาฯ สยามบรมราชกุมารีลูกเธอพระบรมวงศานุวงศ์องคมนตรี,1,1895
นิธิจินตเซียลคำบรรยายตำรวจจราจรวีไอพีหลบหลบ,1,1895
ยวมยวมยวม,1,1895
E-MailchangarcomthFacebookchangarcomhttpsARCOM-CHANG-Thairath-Online-525369247505358,1,1895
สร้างเสริมสสส.ผีเสื้อขยับปีกข้อกฎหมายกระบวนการยุติธรรมปรีดาอดุล,1,1895
สสส.ผีเสื้อขยับปีกผู้ถูกกระทำลุกขึ้นยอมจำนนถูกกระทำลุกขึ้น,1,1895
คณบดีคณะนิติศาสตร์คดีอาญาในแง่ที่เป็นเป็นคดีอ่อนไหวเฉพาะทางศักดิ์ศรี,1,1895
มอลล์มอลล์สโตร์เอ็มโพเรียม,1,1895
ยวมร้อยตรียวม,1,1895
เต๋อทวิชช์,1,1895
ประกันภัยประกันภัยคปภ.,1,1895
รังนกถ้ำพลเรือนพลเรือนรังนกตลาดมืด,1,1895
SETVirtualCeremony,1,1895
นรข.กัญชา,1,1895
กฤษนรข.,1,1895
กมกมกม,1,1895
"พงค์""StartUpพ.อ.พงมะลิพรรคภูมิใจไทย",1,1895
ขีปนาวุธไฮเปอร์โซนิก,1,1895
ดักรอเครื่องแบบป้ายชื่อกัณแอบอ้างวิทยุสื่อสารความผิดซึ่งหน้าการครอบครอง,1,1895
พ.ย.)อนุสัญญาสหประชาชาติ,1,1895
บรรษัทภิบาลESGEnvironmentalSocialGovernance,1,1895
ผู้ต้องขังกรับผู้ต้องขังกรับ,1,1895
CDCFDAไมโครกรัม,1,1895
โนวาแวกซ์อิงค์ต้านทานผลงานวิจัยโนวาแวกซ์นิตยสาร,1,1895
รัสเวิรด์คอร์ปAWCผู้พัฒนาคร่ำหวอดแวดวงแกร่ง,1,1895
BeachResortบันอีซีเทรดเซ็นเตอร์ประตูน้ำวัลล,1,1895
SustainabilityExcellenceRisingStarSustainability,1,1895
นิดเดียวคนจีนแต่บางทีห่มวกิ้นซัพพอร์ตYouare,1,1895
วิทยุสื่อสารเครื่องแบบเครื่องหมายฟอร์จูนเนอร์กฆ7483แอบอ้างภูธร,1,1895
SustainabilitySustainabilityExcellence,1,1895
กฎหมายอาญา112บัญญัติผู้ใดดูหมิ่นอาฆาตมาดร้ายพระมหากษัตริย์พระราชินี,1,1895
พระมหากษัตริย์ดำรงอยู่ผู้ใดผู้ใดพระมหากษัตริย์ประมุขดำรงฐานะศูนย์รวม,1,1895
ผู้ใดดูหมิ่นอาฆาตมาดร้ายราชาธิบดีราชินีรัชทายาทประมุข,1,1895
กฎหมายอาญาเรื่องใหญ่เรื่องใหญ่ดูหมิ่นพระมหากษัตริย์อาฆาตมาดร้ายพระมหากษัตริย์กฎหมายอาญา,1,1895
ลูกทรพีขี้เมาจุดไฟบุพการีสร่างสำนึกผิดกราบเท้าบังเกิด,1,1895
พิพิธลาสิกขาความสัตย์ทวงถามเกี่ยวกับว่าความกล้าหาญหนังจีนศึกสงคราม,1,1895
กมผู้สังเกตการณ์นับคะแนนสังเกตการณ์หน่วยเลือกตั้ง,1,1895
ข้าวโพดเลี้ยงสัตว์อาหารสัตว์,1,1895
มักกะสันoneway06.30,1,1895
หว่านงอกใส่ปุ๋ย,1,1895
งอกใส่ปุ๋ยงอกงาม,1,1895
ขบวนรถวีไอพีย้อนศรใจเด็ดบีบแตรหลบ,1,1895
กรุ๊ปเบนซ์วันเวย์ทางเดียว06.30ป้ายจราจรการจราจรติดขัดการจราจรติดขัด,1,1895
กระทู้ถามพิเชษฐ์กระทู้ถาม,1,1895
กรุ๊ปเบนซ์วันเวย์ทางเดียว06.30ป้ายจราจรการจราจรติดขัด,1,1895
COPกลาสว์สกอตแลนด์,1,1895
อาหารสัตว์กากถั่วเหลือง,1,1895
เซียลตำรวจจราจรวีไอพีเบนซ์หลบหลบ,1,1895
บงกชตั๊กขอเเจ้งตั๊กเจ้งเเชร์ความเข้าใจผิดตั๊ก,1,1895
เพิ่มพูนอปกุศลส่องสว่างนพค.EOD,1,1895
ไม่เป็นไรแปลงร่างสเน็กไหม้ฮีโร่พญาไฟ,1,1895
กิโลjochosippawatมีพิษพิศดารหมูป่าผัดเผ็ด,1,1895
APAISaisvaccineTRUEUSSD707vaccine,1,1895
มดดำอุทาหรณ์สะเทือนใจต่อหน้าต่อตาฝีปากกล้ามดดำอุทาหรณ์,1,1895
รถตู้ลุกไหม้รถตู้,1,1895
"43,112,78832,223,4672,495,219",1,1895
"19,4628,0291,799,066",1,1895
การถมเจ้าของที่ดินการถม,1,1895
OatPadriewกระถางหูช้างกระถางรถตู้ToyotaVellfire,1,1895
ถือโทษพวกคุณสุดแล้วแต่เสแสร้งแกล้งทำกว้างๆครับผมหูช้าง,1,1895
หลบหลบเบนซ์วนาลท์กรุ๊ป,1,1895
เจ้าฟ้าจักรีเจ้าฟ้าจักรี,1,1895
รามาธิบดีหาวพระบรมราชโองการโปรดเกล้าโปรดกระหม่อมพระบรมราชโองการโปรดเกล้าโปรดกระหม่อมสมาชิกวุฒิสภาอินทร,1,1895
"15,163ข้ามชาติ30,385ปิดกิจการข้ามชาติของกองสำนักงานปลัดกระทรวง",1,1895
โปรดเกล้าโปรดกระหม่อมสมาชิกวุฒิสภาที่ว่างพลเรือเอกสมประสงค์นิลทหารเรือพลอากาศเอก,1,1895
คำสร้อยเจ้าที่โรงเรียนมัธยมคำสร้อยพนักงานเจ้าหน้าที่,1,1895
เลขาMOUเพลส-ETDAอ๋องสมหวังโกงชื้อ,1,1895
เจ้าฟ้าจุฬาวลัยกุมารีสวางขัตติยนารี,1,1895
กระชับแน่นแฟ้นสมาพันธรัฐสวิสการทูตคมนาคมมีส่วนช่วยการคมนาคม,1,1895
กากถั่วเหลืองเมล็ด,1,1895
แสดงอาการใช้การดำน้ำสูบบุหรี่สูบบุหรี่อุดถุงลมโป่ง,1,1895
กระดาษโน้ตใจความธนบัตร,1,1895
เยื่อหุ้มซีสต์อุดถุงลมโป่งพองพฤติ,1,1895
ไอดอลกรุ๊ปWisdomบัณฑูรประยุกต์เนตรWisdomทางเทคโนโลยี,1,1895
ข้อสรุปนิโรธเลขาวิปวิรัชผู้เสนอนิโรธ,1,1895
พิเชษฐ์พานโปรยข้าวกลาง,1,1895
"97,47042,37155,099",1,1895
ผู้ประกันตนเด็กแรกเกิดเป็นกำลังผู้ประกันตนสำนักงานประกันสังคม1506sso,1,1895
"เปิดเรียนOn-Siteคคมัธยมสมัครใจ34,2873,17327,039",1,1895
"โรงสีเงินชดเชยกระเตื้องหอมมะลิข้าวเปลือก10,000ข้าวเปลือกหอมมะลิ",1,1895
Wisdomร่วมวงความบันเทิงหวาดกลัวเปรียบเหมือนแสงสว่างรุ้งหวาดระแวง,1,1895
แสกนQRCode,1,1895
ลันตาลันตาลันตา,1,1895
"โกดังของเล่น7,500ตารางเมตร4,000เลท",1,1895
ChulaCovใบยาดิเรกChulacov-,1,1895
อุษาทักซิโด้ใช่ไหมรู้ใจดีกรีกระทรวงยุติธรรม,1,1895
จักรยานยนต์VIPเบี่ยงหลบหลบ,1,1895
คำพิพากษาเพิกถอนออกคำสั่งจำเลยทําโจทก์ประทับฟ้องเป็นคดี,1,1895
ยื่นข้อเสนอชาวนาพยุงข้าวเหนียวความชื้นข้าวจ้าวไซโลค่าเฉลี่ย,1,1895
บวชพระธรรมคำสอนพระพุทธเจ้า,1,1895
"ปัดจุ๊บจิ๊บ""",1,1895
ถุงมือออเดอร์ถุงมือมือสอง,1,1895
ปองร้ายตั๊กตั๊กอาณาจักรเบญจรงคพระพุทธบาทตั๊ก,1,1895
คิดในใจนักมวยต่อยต่อยเบลอวงจร,1,1895
วิปนิโรธเลขาเมื่อไรล่ม,1,1895
ประภาประดิษฐ์ประภาสวป.,1,1895
คดีอาญาผู้ดำรงตำแหน่งทางการเมืองประทับฟ้องฟุตซอลนิโรธนิโรธกรรมาธิการผู้ลงนาม,1,1895
คาดโทษวิปการประสานงานองค์ประชุมวิปล่มเสียงข้างมากฝ่ายรัฐบาล,1,1895
ต่างวัยเบิร์ดพิทยา,1,1895
พิเชษฐ์พิเชษฐ์เม็ด,1,1895
"เข็นเฉพาะคนเข็นค่าโดยสารการรับจ้าง1,200",1,1895
บ้านไร่ขามสะเดา,1,1895
พรุค้างคาวพรุ,1,1895
ภชวรอินเทลMIGroup,1,1895
ตชด.ทุ่งสงตชด.ทุ่งสงอำพลช.ภ.ตชด.ตชด.,1,1895
กระบอกปืนกลAKกระบอกปืนพกออโตเมติกCZกระบอก,1,1895
ขอบพระคุณกระผมร้อยตรีเมฆบอร์ดคิกKickBoxingAssociation,1,1895
–กฤศเมธโห,1,1895
บ้านไร่ขามสะเดาดุลดุลพรุค้างคาวพรุ,1,1895
ใจเด็ดหลีกทางเบนซ์หลบร้อนใน,1,1895
หูช้างด่างToyotaVellfire,1,1895
บรรทัดกฐินพย.พย.ตอนเย็นพย.นำสืบฟักตัว,1,1895
มักกะสันoneoneway06.30เดินรถonewayเกษียณอายุมือใหม่,1,1895
มีนัดภูมิลำเนากรมการแพทย์ราชวิถีเลิดบำราศนราดูร,1,1895
ชำระหนี้เหตุสุดวิสัยชำระหนี้โดยสุจริตกองทุนหมู่บ้านชุมชนเมือง,1,1895
ใจเด็ดหลีกทางเบนซ์หลบร้อนในมักกะสัน,1,1895
พิเชษฐ์นิ่งเฉยผู้แทนราษฎรข้าวเปลือกตํ่าชาวนา,1,1895
พิเชษฐ์พานลุกขึ้น,1,1895
ล่ม17.20476องค์ประชุมกึ่งหนึ่ง238,1,1895
เงินประกันธ.ก.ส.ไทม์ชาวนาchongkhoinbaac,1,1895
ผักชีค่าขนส่งผักชี,1,1895
อาหารทะเลผักชีโลละ,1,1895
แบงค์กิตติ์อวยพรไอซ์ข้างๆซัพพอร์ต,1,1895
สำเริงโรตีละแวกโรตีทางจราจรวันเวย์วันเวย์หาความ,1,1895
เรียลไซส์วตี้ชิลี,1,1895
วุ่นแสบมิวสิก,1,1895
โยกตรวจราชการศุลีตรวจราชการสำนักงานปลัดกระทรวงปาณีนาคะนาท,1,1895
ปรับราคาผักกาด130มะเขือเทศ,1,1895
"เจ้าฟ้าวัณณวฯ""ผู้ชนะผ้าลายผ้าลายเจ้าฟ้า",1,1895
เลาดีไซเนอร์SIRIVANNAVARICoutureHOOKPRAPAKASTHEATREISSUE,1,1895
พระกรุณาธิคุณทอผ้าขั้นสูงทอผ้ากาบบัวคิดค้นปูมผ้ามัดหมี่,1,1895
พรรคร่วมรัฐบาลนิมิตหมายคลังแสงมหาสารคามวิปเป็นผู้ใหญ่เป็นผู้ใหญ่น่าเคารพ,1,1895
ยูฟ่าแชมเปี้ยนส์แบ่งกลุ่มCREDITPHOTO],1,1895
ตเลมาดริดยูฟ่าแชมเปี้ยนส์แบ่งกลุ่มยูฟ่าแชมเปี้ยนส์,1,1895
ปรับราคาผักชีขึ้นฉ่าย350,1,1895
ปริญญาตรีนิเทศศาสตร์มหาวิทยาลัยรังสิต,1,1895
ตเลมาดริดยูฟ่าแชมเปี้ยนส์,1,1895
หมูป่าผัดเผ็ดพิษงูไหม้,1,1895
ผิงCOPไบเดน,1,1895
ตารางวาเหม็นสารเคมีเคมีส่งกลิ่นเหม็นทำกับข้าวแป๊บ,1,1895
วนาลท์กรุ๊ปวันเวย์ทางเดียว06.30ป้ายจราจรถือโกรธ,1,1895
ด.ญ.อภิณห์พร,1,1895
จั๊วะสลบเม่นกระทบกระเทือนเลิกแล้วต่อกันจบกันอ้อมมาน,1,1895
หน่วยเฉพาะกิจกรมทหารราบตชด.437สะเดาตม.สะเดาสะเดา,1,1895
"เต้""วีซ่าชวด",1,1895
โปรโมชั่นลักษณะเฉพาะแค่นั้นคลังสินค้าความยืดหยุ่นออเดอร์ความผันผวนคลังสินค้า,1,1895
"StopCOVID37,14935,114เปิดเรียนเปิดเรียน",1,1895
"พรุค้างคาวพรุ2,500บ้านไร่ลวดหนาม",1,1895
ขุดเจาะบาดาลว่าจ้าง,1,1895
น้ำบาดาลหลุมนร,1,1895
"28,050รูปพรรณ28,550",1,1895
boiindexphppage,1,1895
มธุรสสาขาวิชาคณะครุศาสตร์ราชภัฏ,1,1895
แมนฯ ซิตี้ฟิลโฟ,1,1895
ถอนหายใจผู้ว่าส.ก.ส.ข.แปรน่าเสียดายประชาธิปัตย์รุ่นเก่า,1,1895
ขุดเจาะความลึกทรุดตัวหลุมหลุมขุดเจาะบาดาลตกไป,1,1895
วิปวิรัชคดีอาญาผู้ดำรงตำแหน่งทางการเมืองประทับฟ้องวิรัชฟุตซอลวางตัว,1,1895
หลุมนรขุดเจาะบาดาลว่าจ้างขุดเจาะบาดาลขุดเจาะ,1,1895
ให้อภัยดื่มเหล้านิดๆ หน่อยๆหาเรื่อง,1,1895
ความวิตกกังวลประกอบการเป็นลำดับจับจ่ายใช้สอยค่อยเป็นค่อยไป,1,1895
สะเดาตม.สะเดาสะเดารถแวนษข6095บ้านไร่,1,1895
วช.กระทรวงการอุดมศึกษา วิทยาศาสตร์ วิจัยและนวัตกรรม(อว.)โครงการวิจัยผู้วิจัยทรัพย์สินทางปัญญาสิทธิบัตรระดับชาติ,1,1895
ณิศสุคนธ์กระทู้ถาม,1,1895
ดุสิตงูเหลือมตูมผวาดุสิตชิตสื่อการเรียนการสอนโครงกระดูก,1,1895
ชิลีด้าด้าเป็นกังวลชุดราตรีด้า,1,1895
บูทลอยกระทงผู้ควบคุมแออัดมหรสพการละเล่นนางนพมาศผู้เข้าชม,1,1895
สหประชาชาติUnitedNationsClimateChangeConference,1,1895
สัตหีบ22.15สัตหีบสัตหีบชันสูตรสัตหีบพิธีทางศาสนา,1,1895
คล็อปป์เฟอร์แฮมสตริง,1,1895
กรมอนามัยผู้จัดงานลอยกระทง,1,1895
กรี๊ดเสียงหลงตกใจกลัวเตือนใจผู้ขับขี่ท้องถนนกลับเป็นบ้านสวน,1,1895
ฆ่าเชื้อฆ่าเชื้อมหกรรมResearchExpoการจดสิทธิบัตรระดับชาติ,1,1895
ลิดรอนสิทธินักโทษ,1,1895
ความซึ้งYoudiditpekcIam,1,1895
BEMวงแหวนรอบนอก,1,1895
อับปางไมล์ลูกเรือเรือประมงเรือหลวงเรือหลวงฐานทัพเรือสัตหีบ,1,1895
พนักงานประจำเพาะเลี้ยงด่างต้นกล้วยด่างด่างซื้อขายแลกเปลี่ยนมัธยม,1,1895
แพทยศาสตร์NanomedicineResearchUnitโรจน์ธเนศภาควิชาเคมี,1,1895
ExcellenceBestDealYear,1,1895
"8,0291,826,49297,4702,181466",1,1895
อุทัยธาราเบนซ์น.พ.วนาลท์กรุ๊ป,1,1895
108ยวมจ๋าโป่งกัดเซาะคอสะพาน,1,1895
เกษตรและสหกรณ์พืชผลผักชีผักชีพืชผักสวนครัวประกอบอาหารพืชผักในไม่ช้า,1,1895
กองทัพบกข้ามแดนกองทัพบกปฏิบัติภารกิจกองพลทหารราบสืบค้นกองทัพบก,1,1895
"7,9827,7621441,914,5618,0291,799,06697,470",1,1895
วิรัชศาลฎีกาคดีอาญาผู้ดำรงตำแหน่งทางการเมืองประทับฟ้อง,1,1895
ธุระรถตู้รถเช่า05.30พ.ย.)15.30ทานข้าวปากซอย,1,1895
ประดิษฐ์มนูลาดพร้าวลาดพร้าวปิย,1,1895
ชกต่อยทะเลาะวิวาทโตนเม่นเม่นถามหาโตนด.ญ.,1,1895
ยานยนต์ยานยนต์ยานยนต์,1,1895
อ้อมมานพรรคพวกสะลึมสะลือหมดสติเอาหน้าท่อไอเสียเบิล,1,1895
CVCเข้าเกณฑ์พ.ย.)9.00เสียค่าใช้จ่ายAISaisvaccine,1,1895
ปรับราคา09.27ทองรูปพรรณคําGoldSpotแข็งแกร่งเกินคาด,1,1895
น้ำประปาไมตรีจิตการประปานครหลวงกปน.น้ำประปาไมตรีจิตการประปา,1,1895
การประปานครหลวงกปน.น้ำประปาไมตรีจิตการประปานครหลวงกปน.,1,1895
สุวณีบัณฑิ,1,1895
ศุลีสหภาพแรงงานการขนส่งมวลชนลดราคา,1,1895
การจัดจำหน่ายรับประกันการจัดจำหน่าย,1,1895
ศิริราชเน็คศิริราชศิริราชบูสศิริราชเน็คSiriraj,1,1895
รมต.กระทู้ดิเรก,1,1895
ถุงมือถุงมือถุงมือ,1,1895
ดดี้รูมเทรดดิ้ง,1,1895
PerxTechnologies(เพิร์กซSaaSซอฟต์แวร์CloudLifestyleMarketing,1,1895
พิวรรธน์สิทธิประโยชน์กำนัลสิทธิประโยชน์ฟีเจอร์ชอปปิ้งคุ้มค่าความคาดหมาย,1,1895
Perxล้ำสมัยออฟไลน์ครบครันบุกเบิกดึงดูดใจพิวรรธน์Metaverse,1,1895
รับประโยชน์ถึงกันAPIFirstApproachPerxLMPLoyalty,1,1895
ว่าจ้างขุดเจาะบาดาลขุดเจาะขุดเจาะ,1,1895
กระทู้ดิเรกจุดยืน112ในนามของพรรคร่วมรัฐบาล112ยึดหลัก,1,1895
ป.ป.ช.157ค่ารถอเนกประสงค์ยื่นคำร้ององค์กรอิสระแพ่งศาลปกครอง,1,1895
157ละเว้นฮั้วฟ้องคดีกระดาษมีข้อบกพร่องยื่นคำร้องศาลปกครอง,1,1895
ศาลปกครองเพิกถอนคำสั่งโทษทางวินัยป.ป.ช.โทษทางวินัยครบวาระครบวาระ,1,1895
โดยมิชอบข้อกฎหมายป.ป.ช.157ละเว้นละเว้นโดยทุจริตกองปราบ,1,1895
เสกสกลอัต,1,1895
หน่วยเฉพาะกิจปล่อยปละละเลยรู้เห็นผู้ลักลอบกล่าวอ้างหน่วยเฉพาะกิจหน่วยเฉพาะกิจจงอาง,1,1895
ป๊าปายโอ้,1,1895
บรรษัทภิบาลEnvironmentalSocialGovernanceESG,1,1895
ความจงรักภักดีเจ้านายครหา,1,1895
เฉพาะคนคนนอกผู้พิจารณาเงื่อนเวลาเป็นความลับปิดบังพระราชกฤษฎีกาแนวโน้ม,1,1895
พิเชษฐ์พานโปรย,1,1895
โปรยพิเชษฐ์พานโปรย,1,1895
พิเชษฐ์กระทู้ถามระบอบประชาธิปไตยกระทู้ถาม,1,1895
"39.12เบี้ยประกันภัยตัวแทนประกันชีวิต217,4890.4749.52ประกันชีวิต183,117",1,1895
ร้อยตรีพงศธรสาครเจ้าของที่ดิน,1,1895
ณัฏฐ์ส่านส่าน,1,1895
ลูกไฟท้องฟ้าทิศเหนือ,1,1895
"ประกันชีวิตประกันชีวิตควบInvestmentLinkเบี้ยประกันภัย34,52588.86",1,1895
ประกันชีวิตรอบด้านถึงอย่างไรประกันชีวิตความหลากหลายนายหน้าประกันชีวิตUp-skillRe-skill,1,1895
ไสวระบุชื่ออำไพอัมพุทำสัญญาเช่าซื้อผ่อนชำระอำไพ,1,1895
อำไพพิทักษ์ทรัพย์การขายทอดตลาดขอความเป็นธรรมความเงียบสงบร่มรื่นไม้ยืนต้นปริยัติ,1,1895
ผ่อนส่งอำไพอำไพศาลแพ่งขายทอดตลาดการขายทอดตลาดไสวเป็นหนี้เป็นสิน,1,1895
ไวยาวัจกรข้อพิพาทพิทักษ์ทรัพย์ขายทอดตลาดศิลปวัฒนธรรมณัฏฐชนน2540ไสว,1,1895
เพิ่มจำนวนเจ็บป่วยตระหนักถึงบำนาญการเข้าสู่ผู้สูงวัยประกันชีวิตบำนาญ,1,1895
โปรยข้าวเปลือกกระทู้ถาม,1,1895
การไฟฟ้าส่วนภูมิภาคPEAมหกรรมPowerPlaygroundแหล่งข้อมูลเซฟsafesavethai,1,1895
ทางไกลรัตนโกสินทร์ศาลาว่าการกรุงเทพมหานครชิงช้าพระนครการผ่อนปรนเปิดกิจการสถานบริการ,1,1895
ตุ๊กเล่าเรื่องบางท่านค่าตัวต่อตามน่าสงสารมีใจเป็นบุญ,1,1895
"ท่าอากาศยานสุวรรณภูมิกรอบวงเงินลงทุน28,050ศุลีท่าอากาศยาน",1,1895
09.10พรรคร่วมรัฐบาลวิปนิโรธเลขา,1,1895
นิโรธเลขาวิปสมัยประชุม,1,1895
ก่อนเวลาประวัติการก่อนเวลาสมุยโค้ดสมุยลธ์พาส,1,1895
เดินเรือเฟอร์รี่ทางข้ามสมุยเฟอร์รี่เฟอร์รี่เฟอร์รี่ผู้เดิน,1,1895
การเปลี่ยนตัวสร้อยทองสุธี,1,1895
องค์ประชุมวิปฝ่ายรัฐบาล,1,1895
ล่มนิโรธเลขาวิป,1,1895
แรงเสียดทานศุลีอดทนผลสำเร็จผลสำเร็จเห็นผลผลสำเร็จศุลี,1,1895
MEAผู้ว่าจ้างผู้รับจ้างสายไฟฟ้าอุปกรณ์ไฟฟ้าMEAMEASmart,1,1895
ตกหลุมทรุดปากซอยจรัญสนิทวงศ์สายไฟฟ้าทรุดตัวสายไฟฟ้าสายไฟฟ้า,1,1895
สมเด็จพระกนิษฐาธิราชเจ้า กรมสมเด็จพระเทพรัตนราชสุดาฯ สยามบรมราชกุมารีศาสตราจารย์ลักษณะพิเศษสารานุกรมลักษณะพิเศษธิเบศอดุลยเดชบพิตร,1,1895
พระบรมราชานุญาตสารานุกรมสารานุกรมพระราชประสงค์ธิเบศรอดุลยเดชบพิตรพระบรมราชานุญาต,1,1895
ประกันชีวิตควบUniversalLifeUnitLinked88.86ผู้เอาประกันภัย,1,1895
สุรทินพิจารณ์พรรคประชาธิปไตยใหม่พรรคประชาธิปไตยใหม่สามัญหอประชุมคูคตการเตรียมพร้อม,1,1895
สมเด็จพระนางเจ้าราชินีลูกเธอเจ้าฟ้าพัชรนทิเทพยวดี,1,1895
"1,943,42419,4628,029",1,1895
เซ่าโรแมนซ์แกมทำทีตีสนิทชู้สาว,1,1895
บังเอิญPCRทำซ้ำแสดงอาการไข้ปวดหัวคัดจมูก,1,1895
บังเอิญPCRทำซ้ำแสดงอาการไข้ปวดหัวคัดจมูกผู้ใด,1,1895
หูช้างด่างพวกผมงั้นหูช้างด่าง,1,1895
Prestigesegmentแข็งแกร่งPrestige181ยูนิตsoftopening,1,1895
ExquisiteDesignFunctionพิถีพิถันสูงโปร่งระบายอากาศจัดวางเฟอร์นิเจอร์,1,1895
LINEเอสเอ็มเอสspamในนามของLINEลิงค์,1,1895
พรรคประชาธิปไตยใหม่สุรทินพิจารณ์พรรคประชาธิปไตยใหม่,1,1895
"130,000แอดแอพพลิเคชั่นLINEลิงก์",1,1895
ชิลีวตี้สแตนดาร์ดด้าวตี้สแตนดาร์ดกระชั้นชิดสักวัน,1,1895
หลุมเครื่องจักรกลยุทโธปกรณ์,1,1895
MissUniverseชิลี,1,1895
ปุ้ยชิลีด้าด้าเป็นกังวลชุดราตรีด้า,1,1895
ยูเทิร์นกลับรถ?เนิ่ยคติ้งเอาใหญ่,1,1895
สังวาลนาเกลือละมุงกระโจมเปลือยศศิประภาเพื่อนร่วมห้อง,1,1895
กระทำชำเราสิบห้ามิใช่ภริยาพรากเด็กสิบห้าบิดาปราศจาก,1,1895
นพทธิ์ฤตธิติพัฒน์พงษ์กื้อเขนทูล,1,1895
เปิดเรียนไซต์ศธ,1,1895
ชื่อเล่นข้างหลังวงเล็บ,1,1895
สะดุดตาชื่อเล่นจิ๋ม,1,1895
"817,38277,831,47459.844.7",1,1895
เซิร์ฟบอร์ดเป็นแผลไหม้หน้าขา,1,1895
ยาบพิมลเครื่องสูบน้ำเครื่องสูบน้ำเต็มกำลังทางสัญจร,1,1895
มาร์ชจุฑาคาใจ,1,1895
วิปวิปวิปเป็นมาใครก็ตามเกี่ยงส่วนสำคัญประชาธิปัตย์,1,1895
ชาวนาข้าวเปลือกตกต่ำ,1,1895
พรรคประชาธิปไตยใหม่จุ๊บจิ๊บ,1,1895
วิปนิโรธนิโรธวิป,1,1895
นิโรธวิปวิรัช,1,1895
บูรชัยศรีรองเลขาธิการพัทธ์ธีญาสาวอมินตาเพิ่มพูน,1,1895
19.25ท้องฟ้าลูกไฟดาวตกทิศเหนือทิศตะวันออกลูกไฟการระเบิด,1,1895
"เฝ้าทูลละอองธุลีพระบาทน้อมเกล้าน้อมกระหม่อมถวายสารานุกรมพระราชอัธยาศัยน้อมเกล้าน้อมกระหม่อมถวายสารานุกรม9,335ศึกษาธิการจังหวัด",1,1895
สารานุกรมพระราชประสงค์ธิเบศรอดุลยเดชบพิตรศึกษาธิการจังหวัดพระมหากรุณาธิคุณพระราชปณิธาน,1,1895
สปอร์ติ้งลิสบอนเบคตัส,1,1895
ปนัสไต่สวนไต่สวนไต่สวนไต่สวนพิจารณาคดีโต้เถียงพิจารณาคดี,1,1895
"2,18146619,462",1,1895
"8,0291,826,49297,470",1,1895
827497492455451,1,1895
"7,9821448,029",1,1895
เรือหลวงทัพเรือเรือประมงอนันตอับปางไมล์,1,1895
ทัพเรือเรือประมงอนันตอับปางไมล์ลูกเรือ,1,1895
วันจักรีวันสงกรานต์วันฉัตรมงคลวันวิสาขบูชาวันวิสาขบูชาวันเฉลิมพระชนมพรรษาสมเด็จพระนางเจ้าราชินี,1,1895
กัญชากัญชากัญชากัญชาส่วนประกอบกัญชากัญชาเชษฐ,1,1895
ไต่สวนคำร้องขอเพิกถอน287คดีอาญายื่นคำร้องเพิกถอนคำสั่ง,1,1895
โรคผิวหนังประหลาดโรคผิวหนังประหลาดจนปัญญาระเหย.....5555,1,1895
ผู้บริหารระดับสูงตรวจราชการสำนักงานปลัดกระทรวงตรวจราชการตรวจราชการสำนักงานปลัดกระทรวงปาณีนาคะ,1,1895
วันหยุดราชการกรณีพิเศษศุลีวันหยุดราชการวันหยุดราชการกรณีพิเศษประจำสัปดาห์วันหยุดราชการ,1,1895
กระทู้กระทู้งดเว้น,1,1895
กระทู้วาจากระทู้,1,1895
ข้าวโพดเลี้ยงสัตว์ข้าวโพด,1,1895
สอบข้อเขียนบุคคลภายนอก113รายงานตัวอิทธิสำนักงานคดีอาญาสำนักงานอัยการสูงสุดบุคคลภายนอก,1,1895
"ข้าวเปลือกหอมมะลิ10,23710,462เดือนก่อน5.027.32แหล่งผลิต",1,1895
กุ้งแวนไม128.27129.78เดือนก่อน1.803.00,1,1895
การแถลงข่าววิปวิรัชวางตัว,1,1895
วางตัวนิโรธเลขา,1,1895
"5,172พึงมี55,197211ตักเตือนกระทำผิดกฎหมายเจาะลึกผู้มีอิทธิพล",1,1895
"ข้าวเปลือกความชื้น7,4857,503เดือนก่อน0.821.06ข้าวเจ้า",1,1895
วันหยุดราชการกรณีพิเศษศุลี,1,1895
ข้าวเหนียวโรงสีข้าวโพดเลี้ยงสัตว์ความชื้น14.58.298.38,1,1895
ยางพาราดิบ46.5749.22เดือนก่อน0.104.80ยางพารา,1,1895
ToyotaVellfireพวกผมงั้นหูช้างด่าง,1,1895
แปดริ้วตีนเป็ดด่างมนูด่างมนูซื้อขายแลกเปลี่ยน,1,1895
พนักงานประจำเพาะเลี้ยงด่างต้นกล้วยด่าง,1,1895
ประดิษฐ์ประภาสวป.,1,1895
เสื้อแขนยาวกางเกงวอร์มวสี,1,1895
.ปทส.มูลฝอยรับประโยชน์ตอบแทนเจ้าพนักงานการถมพันหกร้อย,1,1895
สตาร์ทอัพยูนิคอร์น,1,1895
ลูกชิ้นน้ำจิ้มกัญชาเชษฐพืดเปิดงานพนักงานเจ้าหน้าที่การควบคุมดูแล,1,1895
นิโรธเลขาวิปนิโรธ,1,1895
จุ๊บจิ๊บ”พรรคประชาธิปไตยใหม่,1,1895
อ๋องสมหวังโกงชื้อMOUมาร์เก็ตเพลสETDA,1,1895
รุ้งนิธิบัณฑูรประยุกต์ไอดอลกรุ๊ปWisdomบัณฑูร,1,1895
ยัดการแสดงความคิดเห็นการขู่ความไม่สบายใจวิตกกังวลระแวงไหนจะซ้ายหัน,1,1895
ความบันเทิงหวาดกลัวเปรียบเหมือนแสงสว่างหวาดระแวงสิ่งรอบตัวเนตรรุ้ง,1,1895
อุปสมบทเทวฆาพระอุปัชฌาย์,1,1895
เทวฆาพระอารามหลวงบวช,1,1895
15.50สุรทินพิจารณ์พรรคประชาธิปไตยใหม่การเตรียมพร้อมการสู้,1,1895
อลังการน้ำพักน้ำแรงสไมล์ลฎา,1,1895
กระทู้ปรึกษาหารือขอร้องกระทู้,1,1895
บวชบวชกุศล,1,1895
กระทู้หลีกกรณีพิเศษกระทู้พืชผล,1,1895
ขอร้องกระทู้อาหารสัตว์กิโลหว่านงอก,1,1895
กางเกงยีนส์เสื้อยืด,1,1895
บวชกุศลแทนคุณ,1,1895
พรรคภูมิใจไทย(ภท.)สมัยประชุมล่ม,1,1895
เปิดเทอมเปิดเรียนไซต์,1,1895
"เปิดเทอม800,000557,00087,000",1,1895
รังนกเรียกกันว่าขนำผิวน้ำเป็นที่ตั้งสัมปทานรังนกรังนก,1,1895
สุรเชษฐ์พาลนิติวิทยาศาสตร์เทวดาเป็นที่ตั้งสัมปทานรังนกถ้ำ,1,1895
"สมช.ผู้เดิน7,124",1,1895
สมัยประชุมล่มพรรคร่วมรัฐบาล,1,1895
เป็นเงากระโดนขวัญใจมึนแกล้งมึนมึนจดจำ,1,1895
มีมูลประมวลกฎหมายอาญา157255079ป.ป.ช.ตำแหน่งหน้าที่ทุจริตต่อหน้าที่,1,1895
พิเชษฐ์พานกระทู้ถามตกต่ำกระทู้,1,1895
กระทู้ถามกระทู้กระทู้,1,1895
มีเหตุผลเดินรถทางเดียวเดินรถทางเดียวการชี้แจงมีเหตุผลเหตุฉุกเฉิน,1,1895
ภัสร์ตำรวจจราจรขบวนรถเบนซ์เป็นระเบียบกรณีจำเป็นเหตุฉุกเฉินข้อบกพร่อง,1,1895
พรรคประชาธิปไตยใหม่กมวิสามัญ,1,1895
"พรรคประชาธิปไตยใหม่จุ๊บจิ๊บ""",1,1895
กระทู้พิเชษฐ์พาน,1,1895
"ววปล.เครื่องใช้ไฟฟ้าเล๊ยยย""",1,1895
โสภาGroupCEOบิทคับแคปปิตอลกรุ๊ปโฮลดิ้ง,1,1895
รุสเซียดอร์ทนด์,1,1895
SustainabilityExcellenceBest,1,1895
โรงไฟฟ้าพลังงานแสงอาทิตย์เมกะวัตต์,1,1895
ประกันวินาศภัยอาคมพิทยาไพสิฐ,1,1895
โจ้แสดงท่าทีให้ความร่วมมือการรับทราบธิติสรรค์นำจับธิติ,1,1895
ภูริเตาสุภาพธิติสรรค์อุทโจ้ธนะ,1,1895
ประกันภัยฐานะทางการเงินธรรมาภิบาลเป็นเลิศประกันภัย,1,1895
งานพิธีประกันภัยPrimeMinisterInsurance,1,1895
เรย์เพาเวอร์ซัพพลายกริม,1,1895
โภธนาคารเพื่อการส่งออกและนำเข้าแห่งประเทศไทยEXIMBANK,1,1895
เมืองอุตสาหกรรมนิเวศเมืองอุตสาหกรรมนิเวศSEZเมืองอุตสาหกรรมนิเวศ2579,1,1895
EXIMBANKEXIMBANK,1,1895
แวนด้าสหโบว์แวนด้า“ปอทฤษฎี,1,1895
วิรัชพรรคร่วมรัฐบาลวิป,1,1895
"77,831,474817,382297,188493,10227,09243,112,788",1,1895
"43,112,78859.832,223,46744.72,495,2193.5",1,1895
ประกันภัยPrimeMinisterInsuranceไฮบริด,1,1895
SoftOpeningค่าโดยสาร,1,1895
ผู้ตัดสินศิวผู้ตัดสินFIFAEliteผู้ตัดสินแมตช์MD,1,1895
จำเริญทิพธาดา,1,1895
"โดยเฉลี่ย6,105รถโดยสารประจำทาง",1,1895
ยาบ้ายาบ้ายาบ้า,1,1895
ชันสูตรว่าจ้างผู้รับเหมาขุดเจาะน้ำบาดาลขุดเจาะบาดาลดินทราย,1,1895
เครื่องจักรกลยุทโธปกรณ์เพิ่มพูนอปกุศล,1,1895
ส่องสว่างนพค.EODแบ็คหลุมหากว่าชันสูตร,1,1895
อัจฉริยะทรูทรู,1,1895
ความวิตกกังวลประกอบการเป็นลำดับ,1,1895
เต่อตรึงราคาทางจิตวิทยาจับจ่ายใช้สอยการท่องเที่ยทั้มง37.8,1,1895
เสียงคำรามCodeRedความผิดปกติ197มนุษยชาติสมัชชาอนุสัญญา,1,1895
อนันตอับปางลูกเรือ,1,1895
ฐานทัพเรือสัตหีบสัตหีบ,1,1895
สุรทินพิจารณ์พรรคประชาธิปไตยใหม่(กมวิสามัญร่างพระราชบัญญัติการคำนวณบัตรเลือกตั้ง,1,1895
ขุดเจาะบาดาลขุดเจาะ,1,1895
ทศวรรษ2040ถ่านหิน,1,1895
ฝ่ายรัฐบาลข้างน้อยกดออดแสดงตน,1,1895
BCGModelกรมโรงงานอุตสาหกรรมกรอ.ภาคอุตสาหกรรมโรงงานอุตสาหกรรมCSR-DIWCorporate,1,1895
ว่าจ้างขุดเจาะบาดาลขุดเจาะขุดเจาะการเจาะดินเหนียวข้างล่าง,1,1895
112พระมหากษัตริย์112,1,1895
วิปวิเชียรชวลิตวิปวิปวิเชียร,1,1895
นิโรธเลขานิโรธวิป,1,1895
องค์ประชุมล่มวิป,1,1895
htppsเอสเอ็มอีdoe,1,1895
ศาลฎีกาคดีอาญาผู้ดำรงตำแหน่งทางการเมืองประทับฟ้องคดีฟุตซอล,1,1895
112ผู้ใดดูหมิ่น,1,1895
กิดาการชัฏกองทุนรวมชาตttbความผันผวนความไม่แน่นอนชาต,1,1895
อุบัติจากนี้ไปหมดเวลาปัจจัยพื้นฐานสุขภาวะสารอาหารสภาพร่างกายกำลังสำรอง,1,1895
ตราสารการออมUOBEQ-SSFชาตอีสสปริงGlobalCapital,1,1895
เงินลงทุนตราสารตลาดเงินMoneyMarketบลจ.สับเปลี่ยนลดหย่อน,1,1895
(ทวรัญญูสถิตแนวร่วมมูฟเม้นท์KoratMovementตัวยืน,1,1895
บางแคห้วยขวางพลัดเขนสามวาแขม,1,1895
"ขั้นพื้นฐาน(สพฐ.)35,000",1,1895
BusinessExcellenceBest,1,1895
ทส.ขยะมูลฝอยเศษไม้วัสดุก่อสร้างขยะมูลฝอยรำคาญมลภาวะส่งกลิ่น,1,1895
RisingStarSustainabilitySETตลาดหลักทรัพย์วารสาร,1,1895
ปลากระป๋องกระป๋องน้ำมันพืชนันชาวนา,1,1895
เชฟโรเลตกฉ1289ลูกเสือ,1,1895
ยสเนียมพฤกษ์หนอาภากร,1,1895
ท่าเทียบเรือแจ่มเสธ.เป็นผู้แทนทัพเรือพลเรือโททัพเรือศูนย์อำนวยการ,1,1895
พรรคพลังชาติไทยพล.ต.ทรงกลด,1,1895
ความจงรักภักดียึดหลักนิติธรรม,1,1895
วิปวิรัชวิปศาลฎีกา,1,1895
องค์ประชุมกระท่อนกระแท่นองค์ประชุมกึ่งหนึ่ง,1,1895
ดิเรกร่างพระราชบัญญัติฟอกเงิน..)....ฟอกเงินปปง.ฟอกเงิน,1,1895
ประกันภัยอาคมพิทยาไพสิฐประกันภัยPrimeMinisterInsurance,1,1895
BestInvestorRelations,1,1895
InvestorRelationsBusinessExcellenceตลาดหลักทรัพย์,1,1895
"ดิเรกChulaCov2,316Baiya1,309การอุดมศึกษา(อว.)พระราชกำหนด",1,1895
เภสัชกรศยามลผู้ดำเนินการสัมมนาน่ารู้วิตามินVitaminBenefit,1,1895
เภสัชกรศยามลภาควิชาเภสัชกรรมคณะเภสัชศาสตร์มหาวิทยาลัยมหิดลวิตามินความแข็งแรง,1,1895
อัศนีบูรณุปกรณ์,1,1895
Covid-ชีวนิรภัยศรีวิชัยศรีวิชัยแจ่งเม็งรายวัณโรค,1,1895
เลสเตสปามอสโก,1,1895
ค่ามาตรฐานPMค่ามาตรฐาน,1,1895
ญัตติ152ฉลุยรอบคอบญัตติขอเปิดอภิปรายทั่วไป152ซื่อสัตย์สุจริตอำนาจหน้าที่,1,1895
วันวิสาขบูชาวันเฉลิมพระชนมพรรษาสมเด็จพระนางเจ้าราชินีวันอาสาฬหบูชาวันเข้าพรรษา,1,1895
ใจกว้างดาษบ้านโพธิ์,1,1895
"น""CovaxinไบโอเทคBharatBiotech",1,1895
"แวกน""Covaxin",1,1895
ทัศน์การอุดมศึกษา(อว.),1,1895
ชื้อธุรกรรมอิเล็คทรอกส์1212เมิร์ซการประสานงาน,1,1895
ชีวิตครอบครัวจิ๊กซอว์ชีวิตคู่เหนือสิ่งอื่นใดจิ๊กซอว์เฝ้ารอโย่งอาร์ม,1,1895
"8,0291,799,0661,826,492",1,1895
ล่มพรรคร่วมรัฐบาลพรรคภูมิใจไทยพรรคภูมิใจไทยพรรคภูมิใจไทย,1,1895
พุทธาญาต,1,1895
สถานศึกษาสถานศึกษาเปิดเรียน,1,1895
ฒาประดิษฐ์ตรวจตรามิวสิคเฟสติวัลสถานบริการบีชละเลย,1,1895
ธิติแสงสว่างช.ภ.อิทธิโพธิ์ทองช.ภ.กษิพนา,1,1895
190คำมั่นเลิกใช้ถ่านหินCOP,1,1895
RedCodeStoryGreenEp,1,1895
สมเด็จพระเจ้าตากสินพระเจ้าตากสินกรุงศรีอยุธยาทางผ่านปฏิทิน,1,1895
การถมเจ้าของที่ดินเจ้าของที่ดิน,1,1895
กิโลjochosippawatมีพิษพิสดารหมูป่าผัดเผ็ด,1,1895
ถ่านหินโรงไฟฟ้าถ่านหิน,1,1895
ถ่านหินทศวรรษ2030,1,1895
190โปแลนด์ชิลี,1,1895
รับปากเลิกใช้ถ่านหิน,1,1895
ไบเดนตำหนิภาวะผู้นำCOP,1,1895
เทคข้างล่างแหลมเสียมดดำ,1,1895
กิโลjochosippawatมีพิษ,1,1895
มดดำกรรรถเมล์คะนึงนิจกรรมดดำตึง,1,1895
เบนซ์น.พ.วนาลท์กรุ๊ปเบนซ์วันเวย์ทางเดียว,1,1895
เบนซ์น.พ.วนาลท์กรุ๊ป,1,1895
น.พ.วนาลท์กรุ๊ปเบนซ์วันเวย์ทางเดียว,1,1895
VIPwayมอเตอร์มอเตอร์มักกะสัน,1,1895
10.20เครื่องจักรกล108ยวมจ๋าโป่งกัดเซาะถม,1,1895
"27,95028,050ทองรูปพรรณ27,439.6028,550",1,1895
KickoffCCRTComprehensiveCovid-ResponseTeamหยุดยั้ง,1,1895
ทำทีโฟล์คลิฟท์ถึงเงินวางมัดจำการเช่าน่าสงสัยครั้งหลัง,1,1895
"ผลการสำรวจประชาคมศิษย์เก่า4,00078.60การแสดงออกความเป็นธรรมศาสตร์",1,1895
ฉุดน้ำดีทั่วเมืองกระเช้าสีดาCHANGEค่ำคืนๆฟินจิก,1,1895
น้ำดับไฟเชื่อมเหล็กสะเก็ดกระเด็นน้ำมันเครื่องเสาเข็มลุกไหม้,1,1895
ซองซองซองซอง102,1,1895
สนั่นอังอุบลหอการค้าหอการค้า,1,1895
พิบูลปตท.5.90.7,1,1895
คุรุนาครรพปิโตรเลียม,1,1895
"09.2727,95028,050",1,1895
หมดเปลือกต้องสู้ควงสู้ทนความลำบากเป็นเงากระโดนขวัญใจ,1,1895
หลุมอดิเรกเพิ่มพูน,1,1895
BEMทางพิเศษวงแหวนรอบนอกตระหนักถึงค่าครองชีพเนื่องมาจากCovid-,1,1895
"คูปองคูปอง1,3002,1001,6002,30005.00ทางพิเศษ",1,1895
ทางพิเศษวงแหวนรอบนอกฉิมพลีทางพิเศษโครงข่ายนอกเมืองเงินลงทุน,1,1895
เพิ่มพูนว่าจ้างบาดาล,1,1895
นิโรธเลขาวิปวิปพรรคร่วมรัฐบาลวิป,1,1895
"8,0297,9827,838144",1,1895
ชาวประมงยี่สกเพาะเลี้ยงสัตว์น้ำจืดยี่สกเอิน”แคมป์เพาะพันธุ์,1,1895
เข่งโปโลน้ำFINAWaterPoloChallengersCup,1,1895
เผนเผนเเม้เข่งเป็นรองตลอดทั้งวอเตอร์,1,1895
ท้องตลาดเพาะพันธุ์ชาวประมงยี่สกวางไข่แคมป์รีดตัวเมีย,1,1895
วิปวิรัชวางตัววิปนิโรธเลขาโบกมือบ๊ายบาย,1,1895
SCBXมีความยินดีผู้ลงทุนMyCloudFulfillmentสตาร์ทอัพคลังสินค้า,1,1895
05.00ร้อยตรียวมหัวค่ำยวมยวมไหลบ่ายวม,1,1895
การสั่งซื้อแพ็กเกจจิ้งส่งสินค้าเมิร์ซเมิร์ซOmnichannelเมิร์ซ,1,1895
ขอร้องให้ความร่วมมือกระทู้ถามขอร้องกระทู้,1,1895
"Saveทุนการศึกษา330,000กติกามัธยมศึกษาตอนต้นตอนปลายสื่อผสมMixed",1,1895
"Saveทุนการศึกษา330,000โกลบอลเคมิคอลGCมัธยมศึกษางานศิลปะ",1,1895
"MyCloudFulfillmentออเดอร์300,000ออเดอร์คลังสินค้ารังสิตที่รวม10,000",1,1895
"1448,02997,470",1,1895
พิศุทธ์เตมียเวสองค์ประชุม,1,1895
08.40พิศุทธ์เตมียเวส,1,1895
ที่แท้ใจเด็ดโวยหลบวันเวย์มักกะสันวันเวย์ย้อนศร,1,1895
